0,3.302e-05,-0.00185078,0.01562887,0.54396915,-11.1016785,2197.46678555
1,-1.575e-05,0.00207216,-0.09132992,1.59938638,-12.60167263,2179.39116934
2,-5.89e-05,0.00555906,-0.19034842,2.71347214,-16.34340168,2191.165333
3,-2.01e-05,0.00262657,-0.1170476,2.12027059,-17.1034822,2204.4205271
4,-1.789e-05,0.00234917,-0.10336118,1.80208933,-14.05323658,2196.49593524
5,1.244e-05,-0.00018232,-0.02940932,0.96456357,-11.58380261,2197.28608737
6,9.82e-06,0.00031497,-0.05675566,1.52591804,-15.08964077,2204.31257242
7,-5.385e-05,0.0049309,-0.16343326,2.24488453,-13.60874527,2183.0269189
8,4.428e-05,-0.00283693,0.04754476,0.08073486,-8.83361594,2207.35258899
9,-3.281e-05,0.00347535,-0.13325482,2.15970648,-15.81748995,2185.03131794
10,-3.46e-05,0.00394224,-0.15947322,2.65225068,-18.55741054,2201.51053286
11,2.735e-05,-0.00124657,-0.00729294,0.89872562,-13.16283292,2211.41209907
12,-2.41e-05,0.00265761,-0.10678477,1.78403938,-13.70836539,2196.53536493
13,3.592e-05,-0.00194347,0.01383311,0.6211281,-11.85658347,2207.8447845
14,-1.413e-05,0.00230166,-0.11400623,2.18742487,-17.68867582,2206.1806172
15,-9.38e-06,0.00158699,-0.08072265,1.56378609,-13.67575225,2199.10055672
16,6.2e-06,0.00034945,-0.04553442,1.17128113,-12.82433047,2201.86769268
17,3.93e-06,0.00072534,-0.06422,1.53263575,-14.77621292,2190.76149933
18,-3.217e-05,0.00354948,-0.13792825,2.15727501,-14.20323754,2188.83522752
19,9.7e-06,9.631e-05,-0.03992247,1.15347396,-13.2935525,2208.30750507
20,-1.04e-06,0.00096122,-0.06428317,1.39778259,-13.38911509,2205.25485108
21,-1.386e-05,0.001931,-0.08894336,1.65124645,-14.43766946,2199.53355822
22,-5.347e-05,0.00511648,-0.17870796,2.63948426,-16.84406908,2192.71688475
23,-4.716e-05,0.00470686,-0.16894117,2.52068896,-16.44470281,2191.468556
24,-1.351e-05,0.0018412,-0.08378734,1.53794449,-13.71213318,2200.14126885
25,-1.662e-05,0.00217386,-0.09696846,1.76216594,-14.54199194,2187.70868278
26,-3.891e-05,0.00425673,-0.1672298,2.74130499,-19.2700578,2203.71688493
27,2.365e-05,-0.00076027,-0.02576969,1.15376476,-14.27646598,2211.36004131
28,-1.472e-05,0.00198478,-0.0900291,1.6054332,-12.87264237,2196.96878176
29,7.49e-06,0.00020871,-0.03955562,1.03215452,-10.90292237,2189.97983846
30,6.03e-06,0.00059141,-0.06153092,1.4806005,-13.77452,2198.9899103
31,-1.209e-05,0.0019293,-0.09208125,1.67751117,-13.82537798,2198.0282738
32,1.695e-05,-0.00052148,-0.01970266,0.82626751,-10.80210791,2196.22878136
33,1.029e-05,-0.00013569,-0.02763017,0.91392905,-10.88955128,2187.7189987
34,-4.914e-05,0.00502043,-0.18547758,2.86101509,-18.72114579,2200.29859798
35,-2.954e-05,0.00319129,-0.12494766,2.05018442,-15.3460697,2198.66597414
36,7.33e-06,0.00042679,-0.05321616,1.29029678,-12.27202409,2198.14071765
37,1.653e-05,-0.00050453,-0.02215443,0.93223361,-11.78849027,2198.79833652
38,-4.511e-05,0.00431612,-0.14946016,2.1213442,-12.68061134,2182.05124509
39,1.473e-05,-6.814e-05,-0.04465634,1.35648006,-14.84193036,2207.80899556
40,-9.25e-06,0.00158413,-0.08075596,1.57503355,-13.94287975,2195.47533062
41,-3.2e-05,0.00340278,-0.13164338,2.15854476,-15.97229425,2187.11867706
42,2.63e-06,0.00099169,-0.07916735,1.82546966,-16.52615096,2207.31926582
43,4.95e-06,0.00055173,-0.05321897,1.2217671,-11.55821829,2194.03012552
44,4.9e-07,0.00099054,-0.06921097,1.45835945,-12.60251024,2197.69118572
45,3.567e-05,-0.00218886,0.02962447,0.31658218,-10.03201386,2205.68207136
46,6.71e-06,0.00038773,-0.05234169,1.38125453,-14.18109689,2205.03140826
47,-1.83e-05,0.00237046,-0.10384115,1.8050951,-13.98235643,2193.09980687
48,-1.698e-05,0.00214295,-0.09390767,1.68987345,-14.43396066,2197.10587721
49,-1.269e-05,0.00198547,-0.09765912,1.89841529,-16.13930363,2190.7427918
50,-2.275e-05,0.00277939,-0.12080967,2.16831317,-16.98854427,2202.40953375
51,-8.16e-06,0.00168729,-0.09132914,1.83950554,-16.14385155,2204.7514366
52,-3.466e-05,0.00355813,-0.13427852,2.14589936,-15.61020863,2198.77991792
53,-2.45e-05,0.00274806,-0.11174803,1.90620326,-14.91976666,2191.13725837
54,1.336e-05,-7.76e-06,-0.04481952,1.3299646,-14.05142921,2204.70861067
55,-1.593e-05,0.00237601,-0.10955415,1.94420039,-14.96756022,2194.2074994
56,9.5e-06,2.74e-05,-0.03540972,1.03670014,-11.79965993,2194.92208051
57,1.126e-05,-5.808e-05,-0.03550466,1.1144939,-12.79809556,2191.1864071
58,-7.4e-06,0.00190445,-0.10758191,2.16590573,-17.70389461,2204.41262296
59,1.28e-05,-1.33e-05,-0.04196106,1.2232473,-13.06538644,2202.90784466
60,-1.365e-05,0.00200454,-0.094065,1.69305522,-13.19508588,2196.2702252
61,-2.951e-05,0.00315391,-0.12259124,2.00259753,-14.91613441,2190.75615161
62,-3.58e-05,0.0038013,-0.14373881,2.21952356,-14.42625654,2186.35720512
63,-2.823e-05,0.00332452,-0.13517118,2.22730369,-16.2096054,2199.30390061
64,1.18e-06,0.00073837,-0.05643276,1.28310762,-12.73906827,2195.97302742
65,1.817e-05,-0.0005323,-0.0249945,1.02890883,-12.45192787,2190.05601464
66,-3.31e-05,0.00380149,-0.15497135,2.60135911,-18.49551717,2202.83817201
67,-2.429e-05,0.00284102,-0.11697393,1.97228852,-14.93310778,2196.24483329
68,-6.48e-06,0.00142462,-0.0763474,1.46609469,-12.39546693,2193.53523831
69,-2.33e-06,0.00091356,-0.05687597,1.23308611,-12.53685457,2198.19432927
70,-4.627e-05,0.00455151,-0.16179701,2.37961982,-14.78448014,2185.33065693
71,1.206e-05,-2.682e-05,-0.0403316,1.23660374,-14.19136989,2210.96496994
72,7.15e-06,0.00025772,-0.04480925,1.23451591,-13.72891787,2202.81897701
73,1.307e-05,-0.0002033,-0.03383964,1.20448602,-14.70047605,2198.88051946
74,5.7e-06,0.0006483,-0.06590104,1.61379812,-15.24745259,2206.53468731
75,-5.11e-06,0.00131162,-0.07598126,1.58554326,-14.57643538,2202.75289072
76,-2.469e-05,0.00278015,-0.10709691,1.60572371,-10.50287622,2181.97891687
77,-1.498e-05,0.00202234,-0.0919937,1.6705454,-13.67623558,2192.1617561
78,-5.214e-05,0.00519392,-0.18913413,2.91206911,-18.98333578,2196.3300335
79,1.85e-06,0.00074913,-0.05848077,1.30526495,-12.3632063,2196.84001505
80,4.37e-06,0.00043155,-0.04565765,1.10860784,-11.47418748,2192.27995418
81,-2.032e-05,0.00248431,-0.1059489,1.83985374,-14.0212156,2179.50978305
82,3.457e-05,-0.00143374,-0.01279811,1.03801984,-12.92342056,2204.69544924
83,-1.236e-05,0.00204312,-0.1017741,1.95147512,-16.29118001,2202.81241902
84,-2.279e-05,0.00270774,-0.11357675,1.96350748,-15.48599111,2204.20808672
85,-1.887e-05,0.00217194,-0.09093563,1.59078507,-13.16467257,2194.43263161
86,-3.196e-05,0.00374379,-0.15343747,2.5659936,-17.79158732,2194.65810627
87,-7.9e-07,0.00108959,-0.07365644,1.59669716,-14.60047463,2201.32633879
88,-1.925e-05,0.00223497,-0.09353561,1.62152954,-13.28264014,2191.37469302
89,-2.863e-05,0.00306857,-0.11933777,1.94700342,-14.23519836,2179.89030252
90,-1.88e-05,0.0024635,-0.10823253,1.87253671,-13.99460935,2197.56042255
91,-8.02e-06,0.00172285,-0.09317674,1.84211185,-15.55849237,2201.19752687
92,1.18e-06,0.00078651,-0.05983037,1.34630416,-12.79787538,2200.32642049
93,1.429e-05,-0.00043258,-0.01792265,0.72208838,-9.19251231,2188.36540698
94,-3.206e-05,0.00364977,-0.14673094,2.41166936,-16.58999978,2191.88247055
95,-1.168e-05,0.00197066,-0.09837117,1.87445162,-15.63177844,2199.55514731
96,1.16e-06,0.00057145,-0.04559972,1.08899329,-12.17842644,2200.81004314
97,-1.186e-05,0.00187724,-0.09330313,1.82146745,-15.43896408,2186.61019507
98,1.99e-05,-0.00041282,-0.03893082,1.36953231,-15.15817148,2208.52190544
99,5.9e-06,0.00031343,-0.0458519,1.26845487,-14.2808632,2208.319799
100,6.68e-06,0.00026426,-0.0417952,1.08670637,-11.59505384,2200.90065431
101,-2.534e-05,0.00270005,-0.10472937,1.70116481,-12.90761402,2186.07499306
102,-5.191e-05,0.00500858,-0.1759827,2.58251216,-15.94719862,2185.63319346
103,-1.938e-05,0.00254188,-0.11213073,1.99595059,-16.04575934,2202.35397999
104,1.29e-05,-0.00014982,-0.03433308,1.11201636,-13.10273151,2204.78055921
105,2.138e-05,-0.00093655,-0.00961176,0.83477113,-12.25148201,2195.64786278
106,-2.182e-05,0.00271591,-0.1176909,2.07445918,-15.9234952,2198.60876774
107,-4.187e-05,0.00411403,-0.14550749,2.12509658,-13.76359635,2183.97304548
108,4.991e-05,-0.00305557,0.04712283,0.12171442,-7.96144756,2202.66993099
109,1.738e-05,-0.00058343,-0.01928614,0.89501997,-11.74669848,2201.08440544
110,8.98e-06,0.00031123,-0.05319216,1.40842635,-13.90801805,2200.95697565
111,6.5e-07,0.00105125,-0.07771499,1.78810428,-16.96084791,2209.49546551
112,1.555e-05,-0.00028273,-0.03265542,1.09765483,-12.59322554,2196.62300383
113,-1.514e-05,0.00197324,-0.09149991,1.7930382,-16.39715725,2200.12369044
114,-2.258e-05,0.00298593,-0.13035805,2.25883772,-16.71459968,2199.2342467
115,1.434e-05,-0.00022225,-0.03405572,1.13356293,-13.11583075,2204.02567235
116,1.36e-06,0.00092158,-0.06670254,1.44004047,-13.12005086,2200.74992783
117,1.27e-06,0.00061596,-0.046947,1.05685061,-10.8410646,2190.54428041
118,-8.89e-06,0.00179683,-0.09521456,1.86552734,-15.43876428,2199.80011605
119,-1.162e-05,0.00192383,-0.0912724,1.59695975,-12.11717103,2185.59071961
120,-1.981e-05,0.00235406,-0.09780966,1.64762919,-12.96056954,2190.0337386
121,-7.88e-06,0.00147651,-0.08058924,1.7094274,-16.14958342,2198.03972785
122,-4.61e-06,0.00153563,-0.09153501,1.89686401,-16.30832221,2205.90242466
123,-5.354e-05,0.00509813,-0.17760444,2.62618836,-17.31748838,2194.56695359
124,3.639e-05,-0.00195527,0.01417248,0.56206944,-10.32030389,2203.32972623
125,5.92e-06,0.000395,-0.0478788,1.20016388,-12.21022945,2191.65062709
126,-5.556e-05,0.0052332,-0.17662114,2.43620829,-13.83537536,2180.23685715
127,1.783e-05,-0.00055151,-0.02324561,0.97695144,-12.19710541,2204.0903221
128,-1.9e-07,0.00076619,-0.05465636,1.2229341,-12.07910148,2192.97967573
129,-6.27e-06,0.00135393,-0.07467162,1.51638051,-13.36648853,2184.37012235
130,-2.856e-05,0.00339356,-0.14149691,2.40471979,-17.21697403,2197.36515422
131,1.685e-05,-0.00024773,-0.03929768,1.28047815,-14.13551033,2204.90783535
132,2.25e-06,0.00083647,-0.06519195,1.43988855,-12.91996883,2197.79419926
133,8.01e-06,0.00027107,-0.04762226,1.29895738,-13.97258125,2202.53203152
134,-4.776e-05,0.00480499,-0.17515865,2.66310349,-16.98972115,2191.62459388
135,-3.944e-05,0.00409548,-0.1533147,2.3948637,-16.64950104,2198.14686018
136,6.6e-07,0.00073426,-0.0563106,1.30818109,-13.13798473,2197.04737868
137,-7.34e-06,0.00142946,-0.07837354,1.6511187,-15.42755545,2193.79667421
138,-4.205e-05,0.00440535,-0.16589458,2.60482726,-17.70428752,2198.57393601
139,-1.482e-05,0.00213859,-0.09810817,1.75442214,-14.02352027,2195.64399666
140,4.338e-05,-0.00265272,0.03860006,0.20134684,-8.33027297,2202.70684016
141,1.06e-05,-1.444e-05,-0.03691775,1.14693962,-13.50424425,2203.40162981
142,-4.088e-05,0.0044041,-0.16889215,2.68606322,-18.22266173,2194.93497081
143,8.54e-06,0.00029859,-0.04968073,1.29897336,-13.40275913,2202.39491828
144,2.036e-05,-0.00081643,-0.012992,0.84187297,-12.24977348,2205.24420117
145,-3.716e-05,0.00378955,-0.1416244,2.24755279,-15.79015244,2179.85336614
146,-5.625e-05,0.00537152,-0.18751173,2.74536303,-16.93623756,2188.96915218
147,2.087e-05,-0.00066061,-0.02297879,0.98802465,-12.09587062,2200.57101863
148,-2.804e-05,0.00304916,-0.11975114,1.96183747,-14.78467137,2197.83324924
149,-1.387e-05,0.0017512,-0.07720799,1.39150543,-12.1551323,2190.13416886
150,2.29e-06,0.00079506,-0.065391,1.54195143,-14.54160407,2201.23844682
151,-4.571e-05,0.004547,-0.16430731,2.49602221,-16.7649707,2193.33776585
152,-1.282e-05,0.00182923,-0.08457447,1.53733958,-13.12841298,2194.94369697
153,-3.367e-05,0.0036256,-0.1401517,2.26911645,-16.05219008,2181.88522568
154,-1.219e-05,0.00219081,-0.11136026,2.11976622,-16.66969327,2199.65194597
155,4.844e-05,-0.0029813,0.04525872,0.20360656,-9.7022874,2209.54531924
156,-5.43e-06,0.00121602,-0.06912675,1.42582067,-13.09317969,2203.44455504
157,1.261e-05,-0.00014149,-0.03417533,1.10194727,-12.65008872,2199.23897075
158,-4.34e-05,0.00456882,-0.17478572,2.80888878,-19.01587247,2199.24192477
159,-2.634e-05,0.00296796,-0.11959397,2.00855923,-15.57938006,2197.32780213
160,1.166e-05,-9.36e-06,-0.03901852,1.15894313,-13.0369174,2202.56709802
161,3.958e-05,-0.0021582,0.01645881,0.6562316,-12.11069838,2194.21024538
162,-6.165e-05,0.00575769,-0.19559884,2.78086413,-16.67161028,2189.14551428
163,-1.642e-05,0.00237621,-0.11174617,2.09328671,-17.30929027,2205.16441149
164,6.67e-06,0.00050653,-0.05736175,1.39501173,-13.31314995,2201.30261797
165,-2.926e-05,0.00295174,-0.11043355,1.76252773,-13.36722858,2188.28232071
166,-3.334e-05,0.00360118,-0.13956676,2.24309398,-15.63462124,2193.40951558
167,-6.315e-05,0.00559091,-0.17805313,2.34607614,-13.77533804,2182.07701659
168,1.528e-05,-0.00053652,-0.01624647,0.79212841,-11.16665437,2199.25624212
169,-1.716e-05,0.00213123,-0.09448864,1.76014753,-15.10939118,2188.27019824
170,1.601e-05,-0.00010848,-0.04789717,1.48782802,-15.6799282,2209.33791045
171,1.93e-06,0.00087682,-0.06747704,1.52835023,-14.45912534,2203.21889947
172,2.67e-06,0.00082092,-0.06630931,1.51540916,-14.26076339,2205.46041718
173,8.97e-06,0.00025313,-0.04819519,1.2921448,-13.50962654,2199.37596676
174,-1.085e-05,0.00188181,-0.09453309,1.77089232,-13.80514813,2192.11354645
175,-8.48e-06,0.00166418,-0.08935455,1.79773957,-15.83824076,2203.84793712
176,2.372e-05,-0.00091339,-0.01666147,0.9644745,-12.735599,2203.77877952
177,-2.05e-06,0.00104989,-0.06817119,1.49186923,-13.73425273,2186.0989126
178,-4.448e-05,0.00458368,-0.1709957,2.65993498,-17.60161805,2198.01049681
179,-2.503e-05,0.00285919,-0.11743634,2.00760631,-15.70042956,2202.31678168
180,9.63e-06,0.00017266,-0.04307809,1.11229655,-11.08537359,2197.66236114
181,-3.205e-05,0.00312938,-0.11256527,1.71261471,-12.34770564,2185.42473644
182,-3.655e-05,0.00401776,-0.15739437,2.54866599,-17.4706078,2195.14565872
183,-2.029e-05,0.00256464,-0.11176496,1.97011376,-15.48001057,2199.01468806
184,-1.767e-05,0.00228307,-0.10000158,1.75971483,-14.22169966,2192.91213521
185,-3.265e-05,0.00342618,-0.13198978,2.18932659,-16.72253234,2189.85482925
186,-2.792e-05,0.00335943,-0.14025742,2.37163703,-16.94389346,2197.5022405
187,-4.482e-05,0.00443023,-0.15913612,2.3821905,-15.46037947,2188.87936317
188,8.55e-06,0.00018367,-0.04120428,1.07313001,-10.90348722,2195.66447461
189,-8.2e-07,0.0007969,-0.05496278,1.23490022,-12.38803902,2193.92780754
190,3.433e-05,-0.00173193,0.00282642,0.8415569,-12.73889456,2205.10274259
191,-2.901e-05,0.00316424,-0.12382344,2.00114114,-14.63503184,2194.95747224
192,3.743e-05,-0.00208379,0.02008992,0.47691901,-10.60930527,2202.90801606
193,-1.941e-05,0.00242883,-0.10279038,1.73825852,-12.9070053,2174.51866261
194,-1.256e-05,0.00201833,-0.10119947,1.97665,-16.61138293,2205.3179832
195,-6.34e-06,0.00156204,-0.0874147,1.75335722,-15.07710577,2198.87175745
196,3.93e-06,0.00061115,-0.05401519,1.21539104,-11.3742218,2196.10414287
197,-5.52e-06,0.00127014,-0.07203327,1.49313678,-13.71292032,2194.21866446
198,-1.492e-05,0.00234693,-0.11419625,2.1535995,-16.91660705,2198.79821878
199,-4.009e-05,0.00421275,-0.15955019,2.52654692,-17.65025888,2198.89815208
200,1.199e-05,-0.00011955,-0.03055023,0.92089036,-10.57285178,2192.80222045
201,2.042e-05,-0.0007276,-0.01874951,0.95192847,-12.30296397,2191.15732952
202,-3.092e-05,0.00356418,-0.14537959,2.43157389,-17.26436233,2196.46918814
203,-7.17e-06,0.0016582,-0.09167462,1.83488608,-15.58546999,2198.12819788
204,2.3e-05,-0.00096915,-0.01048046,0.78774226,-10.76353761,2202.41879281
205,-1.748e-05,0.00217827,-0.09685914,1.81731931,-16.08121891,2202.78181462
206,6.4e-07,0.00106177,-0.07751007,1.74162112,-15.50866515,2198.41789854
207,-2.01e-05,0.0026822,-0.12272758,2.29469895,-18.96334175,2209.12422343
208,-7.96e-06,0.0013228,-0.06781405,1.34723924,-12.80026259,2195.84555234
209,-1.082e-05,0.00157549,-0.07748495,1.56115629,-14.79003195,2195.66480009
210,-2.082e-05,0.00295231,-0.13620485,2.48682983,-18.95841149,2204.73589065
211,-5.101e-05,0.004957,-0.1759052,2.65071228,-17.74541492,2197.09122556
212,-1.644e-05,0.00221874,-0.09890816,1.73071117,-13.47226421,2193.05146176
213,-2.816e-05,0.00293269,-0.11270765,1.8488881,-14.34726157,2192.07168692
214,-3.311e-05,0.00361089,-0.14162692,2.30511206,-16.07908026,2192.07790167
215,-2.24e-05,0.00262201,-0.10820225,1.83778662,-14.55101618,2198.76564544
216,2.519e-05,-0.00117401,-0.0052179,0.79910421,-12.25018956,2203.96807717
217,-1.57e-05,0.00211617,-0.09796634,1.85491895,-15.75302801,2193.20234161
218,-3.257e-05,0.00363894,-0.14551069,2.39796812,-16.83974467,2196.85826181
219,-3.251e-05,0.00363195,-0.14505797,2.41988819,-17.92471135,2201.64715828
220,-1.004e-05,0.00175646,-0.08883731,1.68819673,-13.98980322,2200.14092556
221,-4.6e-06,0.00119819,-0.07192022,1.57248548,-15.20049865,2202.48956672
222,-3.702e-05,0.00388734,-0.14773313,2.33528794,-15.83992585,2191.67329129
223,-4.023e-05,0.00419829,-0.15953662,2.5576537,-18.11569051,2198.78167047
224,-9.79e-06,0.00152272,-0.07537732,1.44398239,-12.69858443,2187.82830809
225,-2.12e-06,0.00113603,-0.07220565,1.52643488,-13.38816388,2183.40235254
226,-5.704e-05,0.00539237,-0.18248043,2.51224088,-14.15587798,2181.84190297
227,-5.565e-05,0.00534111,-0.18575244,2.69190126,-16.68280671,2188.59921067
228,1.746e-05,-0.00061971,-0.01729856,0.84245726,-11.19968467,2205.52397409
229,-1.776e-05,0.00230553,-0.10184528,1.81388329,-14.45647223,2191.11762015
230,-3.308e-05,0.00356891,-0.13751764,2.17642532,-14.78858551,2190.11042985
231,-1.972e-05,0.00241689,-0.10206233,1.7283179,-13.3260906,2193.16640796
232,-2.794e-05,0.00296758,-0.11384746,1.81394794,-13.4006161,2186.00732617
233,1.361e-05,-0.00019092,-0.03430876,1.14342254,-12.9694669,2187.21500574
234,-1.361e-05,0.00219327,-0.10816616,2.06434065,-16.89273919,2205.19575662
235,-3.081e-05,0.00344895,-0.13847621,2.29987454,-16.65026648,2195.57575175
236,1.269e-05,-0.00021243,-0.03061949,1.04051548,-12.40856023,2209.03779478
237,-2.359e-05,0.00267046,-0.10900351,1.85910843,-14.64472003,2192.28362124
238,-3.973e-05,0.00411469,-0.15324445,2.35791141,-15.36410187,2187.03204071
239,3.295e-05,-0.00167982,0.00449453,0.76557495,-12.63039396,2208.90438483
240,4.04e-06,0.00039819,-0.04392068,1.14508037,-13.03639396,2202.73641438
241,-2.859e-05,0.00309431,-0.12136384,2.00037593,-14.68577054,2178.58130719
242,-4.273e-05,0.0045102,-0.16862684,2.56167834,-16.0401335,2190.15991302
243,-2.459e-05,0.00287691,-0.11874257,2.00460314,-15.02185521,2192.65626356
244,8e-08,0.00094256,-0.06772685,1.52245605,-14.36411031,2204.24338799
245,-8.95e-06,0.00145492,-0.07577052,1.56033262,-14.69640201,2200.17601906
246,-3.44e-05,0.00366965,-0.14182721,2.27517254,-15.57512485,2192.13331989
247,-1.584e-05,0.00220232,-0.10214003,1.90621594,-16.12567213,2203.71715583
248,1.36e-06,0.000787,-0.06057496,1.39538747,-13.93730771,2203.72051615
249,-2.082e-05,0.00254091,-0.10743034,1.84037176,-13.75453621,2176.2852744
250,-9.49e-06,0.00195026,-0.10381502,2.03220691,-16.52540193,2201.09129794
251,-7.91e-06,0.00165725,-0.08953595,1.77797065,-15.21419775,2200.31299699
252,-2.25e-05,0.00259838,-0.10651771,1.78106345,-13.45685974,2195.62589448
253,-8.33e-06,0.0012986,-0.0667167,1.35137022,-12.87801174,2197.39345497
254,-1.243e-05,0.00196997,-0.09662866,1.81509982,-14.36923004,2193.654096
255,-1.032e-05,0.00183795,-0.09014891,1.6132285,-12.5447812,2189.84604903
256,-6.59e-06,0.00128457,-0.06899106,1.37550702,-12.55891841,2191.832635
257,-2.49e-06,0.00105348,-0.0672144,1.48008594,-14.04192356,2187.32432465
258,3.862e-05,-0.00214261,0.01708921,0.63844179,-12.14482837,2214.71345259
259,8.38e-06,0.00032587,-0.05122342,1.33449085,-13.60822322,2201.84533549
260,-1.33e-05,0.00190015,-0.09070028,1.71607691,-14.52351515,2200.83617614
261,-2.095e-05,0.00230532,-0.09341202,1.60035101,-13.06387535,2188.2572539
262,-1.843e-05,0.00242104,-0.11274754,2.16909659,-18.17094739,2206.35492844
263,-1.834e-05,0.00234651,-0.1033734,1.85703113,-15.42182513,2201.93893641
264,-1.457e-05,0.00200195,-0.09120024,1.64729351,-13.56118279,2188.99509543
265,-4.619e-05,0.00448321,-0.16201158,2.56086391,-18.41603214,2190.35304082
266,-3.213e-05,0.00385513,-0.15995035,2.69818719,-19.08342384,2201.1963526
267,-4.9e-07,0.00094662,-0.06738212,1.56801498,-15.88710198,2212.27793052
268,-1.025e-05,0.00167195,-0.08442944,1.6338961,-14.06123698,2201.96907983
269,1.913e-05,-0.00086752,-0.00677089,0.70344315,-11.07738889,2201.40384314
270,-2.284e-05,0.0029369,-0.1296658,2.33757379,-18.16437124,2202.83639275
271,-3.322e-05,0.00355209,-0.13428241,2.05621371,-13.78745767,2188.7551129
272,3.116e-05,-0.0016577,0.00892336,0.62686673,-11.61704059,2207.02173378
273,-1.461e-05,0.0019753,-0.08997097,1.6533305,-13.71136647,2183.6396067
274,3.84e-06,0.00087149,-0.0746044,1.75300666,-16.13071885,2204.96113074
275,-6.129e-05,0.00566886,-0.18822379,2.5745044,-15.02994071,2184.13590312
276,3e-07,0.00089767,-0.06366146,1.36633613,-12.20607112,2197.21101333
277,9.36e-06,8.283e-05,-0.03854068,1.12046733,-12.63942768,2199.27555497
278,-1.906e-05,0.00243455,-0.10823295,1.95285713,-15.21973156,2197.80691788
279,-5.47e-06,0.00141639,-0.08171291,1.68086032,-14.93642113,2202.88966079
280,-1.26e-06,0.00101913,-0.06694843,1.44487783,-13.69645598,2196.85625647
281,3.991e-05,-0.00236152,0.02725471,0.48418145,-11.56158927,2199.6035557
282,-4.885e-05,0.00500721,-0.1867965,2.94252678,-19.9000061,2202.47875432
283,-1.035e-05,0.00171674,-0.08526884,1.60198742,-13.2502562,2192.07955478
284,2.301e-05,-0.00092332,-0.0147341,0.91990396,-12.19737783,2206.65573079
285,2.231e-05,-0.00101076,-0.00683498,0.76257477,-11.60744191,2200.95584643
286,-6.86e-06,0.0017446,-0.09781049,1.95311188,-15.91021493,2196.93730141
287,-3.89e-06,0.00130335,-0.07963657,1.69229546,-15.46124743,2204.60992375
288,6.03e-06,0.00032147,-0.04326926,1.09842656,-11.61092907,2192.53105585
289,-3.13e-05,0.00336592,-0.13121375,2.15624993,-15.72471915,2182.43441106
290,-3.444e-05,0.00385501,-0.15054902,2.36637712,-15.42215586,2190.31312351
291,1.96e-06,0.00086282,-0.06849886,1.59701423,-15.35426832,2204.55166064
292,-5.071e-05,0.00489942,-0.17054538,2.45032787,-15.16193842,2191.51938525
293,2.495e-05,-0.00120189,-0.00058263,0.63441679,-10.14281684,2196.66872037
294,-5.76e-06,0.00166227,-0.09646742,1.96375688,-16.12759297,2198.60948148
295,-2.159e-05,0.00258783,-0.1088128,1.86141302,-14.32685107,2193.7980383
296,1.429e-05,-0.00046783,-0.01701983,0.74700925,-10.11463955,2196.04807436
297,6.67e-06,0.00026974,-0.04462928,1.23747845,-13.38470476,2189.38849562
298,-2.88e-06,0.00154903,-0.09615415,1.98049513,-16.34755766,2200.66248742
299,-1.65e-05,0.00234423,-0.10782074,1.95183375,-15.56297452,2197.94135729
300,-3.806e-05,0.00382306,-0.14063482,2.18478935,-15.40485556,2198.72365982
301,1.663e-05,-0.00042807,-0.025405,0.94691327,-11.37985549,2196.0710095
302,9.46e-06,0.00030637,-0.05568664,1.51487299,-15.24703848,2205.94883675
303,-2.65e-06,0.00122318,-0.07728339,1.65590925,-15.27321354,2203.82519174
304,5.78e-05,-0.00399607,0.08209198,-0.34988282,-6.4117261,2199.5556803
305,5.21e-06,0.00049367,-0.0533984,1.3426121,-13.43721024,2186.03100185
306,-4.232e-05,0.00436837,-0.16262886,2.50448371,-16.27718231,2190.95090535
307,-1.55e-06,0.00111495,-0.07405691,1.61983555,-14.99310403,2201.9672914
308,-1.639e-05,0.00222416,-0.09959549,1.74681735,-13.55976012,2195.73978372
309,-1.979e-05,0.0023648,-0.10155026,1.84360896,-15.80562829,2199.6610152
310,-4.633e-05,0.00476785,-0.17783226,2.76904854,-18.01653221,2191.22073315
311,2.14e-06,0.00099332,-0.075327,1.67760535,-15.32399172,2202.27124617
312,4.6e-07,0.00075061,-0.05587188,1.29387868,-13.40890909,2200.35734053
313,1.393e-05,-0.00016253,-0.03835823,1.2714247,-14.32497386,2192.23761581
314,-7.019e-05,0.00636497,-0.21001151,2.90613065,-16.98705089,2188.34780154
315,-3.484e-05,0.00344271,-0.12490406,1.90649649,-13.47108997,2190.14069962
316,-9.48e-06,0.00173555,-0.08793426,1.63360538,-12.98904192,2193.09695225
317,-2.421e-05,0.00263014,-0.1030724,1.68962047,-13.16319947,2188.67050892
318,-2.718e-05,0.00320865,-0.13568792,2.37937477,-17.80940883,2201.21620713
319,1.528e-05,-0.00033374,-0.03009093,1.08410437,-13.01543776,2205.64736599
320,-1.71e-05,0.00207256,-0.08820734,1.52233209,-12.42534515,2188.39825119
321,-1.469e-05,0.00211356,-0.09929581,1.85720004,-15.13461293,2184.40843155
322,-6.879e-05,0.00646645,-0.22015139,3.12572077,-18.38945394,2190.17953305
323,-1.919e-05,0.00250811,-0.11296788,2.07278626,-16.98373206,2204.36997794
324,1.452e-05,-0.00035235,-0.02446206,0.8635523,-10.03452264,2195.56540887
325,2.2e-06,0.00062805,-0.05275006,1.24017378,-12.39511791,2191.65490865
326,-2.35e-05,0.00309245,-0.13929484,2.55478622,-19.85587675,2205.92460988
327,-8.87e-06,0.00179329,-0.09458932,1.8352049,-15.25812081,2197.24493276
328,1.759e-05,-0.00050702,-0.02363718,0.95418248,-12.0507602,2199.96320848
329,-4.04e-06,0.00129483,-0.07796909,1.65423901,-14.80930045,2186.39432197
330,-3.774e-05,0.00398652,-0.15072632,2.33929945,-15.37808125,2189.92546823
331,-2.883e-05,0.00312649,-0.12502878,2.13613675,-16.76944804,2201.40845884
332,4.093e-05,-0.00243923,0.03236808,0.28154699,-8.81729678,2202.04721619
333,-6.6e-07,0.00093207,-0.062829,1.37362102,-13.14144371,2196.21274751
334,-3.22e-05,0.00373099,-0.15279876,2.56731006,-18.08928384,2196.90076262
335,-1.4e-07,0.0011105,-0.07768895,1.71094976,-15.51804585,2200.41393279
336,1.945e-05,-0.00077387,-0.01316052,0.7989159,-11.13865722,2198.30207612
337,5.623e-05,-0.00376505,0.06936357,-0.02588899,-9.3303331,2198.011951
338,-6.24e-06,0.00163492,-0.09611436,2.03553937,-17.86472372,2212.01106571
339,2.406e-05,-0.00089768,-0.01905127,1.03074224,-13.20091655,2207.43773512
340,7.51e-06,0.00042082,-0.05439176,1.36173498,-13.4280117,2202.53000811
341,-2.933e-05,0.00308434,-0.11789896,1.88746304,-13.89855038,2189.98795012
342,-5.099e-05,0.00484577,-0.16658374,2.35839253,-13.90167791,2181.98166294
343,-3.861e-05,0.0040816,-0.15563582,2.49144602,-17.76055222,2201.57225608
344,-1.217e-05,0.00185265,-0.08787976,1.60131708,-13.15048549,2190.746143
345,1.48e-06,0.00063577,-0.05325261,1.32338594,-13.87422198,2193.1907791
346,3e-08,0.0009501,-0.06897553,1.57146925,-14.83951237,2206.74283698
347,3.039e-05,-0.00136542,-0.00495749,0.81292232,-11.82626834,2205.56643872
348,3.068e-05,-0.00160369,0.00799426,0.56800675,-9.82984378,2202.15434885
349,6.21e-06,0.00034905,-0.04737673,1.26843247,-13.8812129,2202.7359177
350,-2.729e-05,0.00319851,-0.13454857,2.37490814,-18.39231202,2205.0183464
351,-7.23e-06,0.00160669,-0.08624745,1.67573081,-14.2609269,2197.5614793
352,-2.653e-05,0.00278338,-0.10724726,1.73710323,-13.32685296,2188.86811685
353,5.43e-06,0.00046367,-0.05386024,1.41629883,-14.73715066,2191.45804152
354,-5.49e-05,0.00527376,-0.18245097,2.60072969,-15.54092376,2185.62526212
355,2.052e-05,-0.00064895,-0.02387434,1.03916243,-12.9093527,2204.37062826
356,-1.296e-05,0.00191195,-0.09093782,1.66987886,-13.38286107,2195.16381533
357,-6.9e-06,0.00152505,-0.08361596,1.68002589,-14.65436163,2193.2221965
358,-3.707e-05,0.00392818,-0.15070273,2.40969533,-16.39573289,2189.76422736
359,-2.8e-06,0.00133474,-0.08033473,1.60900792,-13.75674111,2194.95673167
360,-2.068e-05,0.00255268,-0.11036367,1.95379254,-15.67549118,2196.32268953
361,-7.2e-06,0.00129686,-0.06705052,1.30479458,-11.42503422,2177.39448465
362,-2.987e-05,0.00364103,-0.15093523,2.50463648,-17.30997286,2195.23476141
363,-1.233e-05,0.00202545,-0.09997823,1.89711624,-15.72501067,2197.72186224
364,-5.81e-06,0.00129039,-0.07083772,1.39995523,-12.37875306,2196.37955291
365,-2.667e-05,0.00278385,-0.10636018,1.72626437,-13.40273662,2189.27017101
366,-2.416e-05,0.00296248,-0.12602483,2.17894798,-16.18137432,2195.99161768
367,-1.42e-05,0.00204253,-0.09347175,1.64081705,-12.66988448,2188.66345427
368,3.64e-06,0.00046048,-0.0461555,1.13651025,-11.98972569,2194.00084018
369,2.256e-05,-0.00107216,-0.00469755,0.77045925,-11.8811324,2193.25987323
370,-5.481e-05,0.00536931,-0.19084842,2.83583443,-17.7877484,2194.39536085
371,-4.492e-05,0.00464779,-0.17598496,2.84356995,-20.30598465,2203.27583501
372,-1.709e-05,0.00232079,-0.10441152,1.85803284,-14.62117685,2198.16564002
373,1.266e-05,-0.00012652,-0.03491605,1.12012651,-12.99872824,2200.77754198
374,-1.434e-05,0.00221812,-0.10610965,1.94897579,-14.92707412,2194.547171
375,-4.75e-05,0.00469248,-0.17032141,2.6220016,-17.80540106,2195.24639591
376,2.697e-05,-0.00136797,0.00301055,0.63741118,-10.90628557,2199.79594254
377,4.953e-05,-0.00297918,0.04245497,0.27771072,-9.90114565,2192.9804343
378,-5.892e-05,0.00575833,-0.20368727,3.01131772,-18.71504365,2194.29274489
379,-1.146e-05,0.00184249,-0.09203765,1.79530974,-15.63955343,2202.2843711
380,2.417e-05,-0.00103246,-0.00825037,0.74456259,-10.69171195,2204.17877403
381,-2.47e-06,0.00091144,-0.05851773,1.29880137,-12.89816132,2194.69097781
382,1.089e-05,0.00030232,-0.0584194,1.57277248,-15.49678338,2203.29405483
383,1.135e-05,4.225e-05,-0.041476,1.19514044,-13.00587276,2200.28313371
384,-1.768e-05,0.00214445,-0.0916895,1.61484898,-13.5663201,2193.50415546
385,3.141e-05,-0.00155806,0.00357807,0.71142631,-11.58811175,2193.46394919
386,-2.738e-05,0.00324971,-0.13733355,2.39256803,-17.8781264,2202.52021645
387,-3.76e-06,0.00143557,-0.08762408,1.84231145,-16.2445402,2202.83541705
388,1.121e-05,0.00015494,-0.04816413,1.30727895,-13.24863999,2204.21476199
389,-2.77e-06,0.00109501,-0.06873722,1.50169398,-14.48211615,2200.11056547
390,-4.026e-05,0.00410412,-0.15371972,2.44033816,-16.86241704,2195.34370053
391,4.668e-05,-0.00305864,0.05357039,0.04695266,-9.08117372,2212.67018364
392,-3.156e-05,0.00320871,-0.12145476,1.97861497,-15.22705314,2194.33023234
393,-4.425e-05,0.00433047,-0.15386081,2.28572775,-14.58031406,2175.33623916
394,-3.72e-05,0.00401569,-0.15576293,2.51081347,-17.39306078,2197.9190456
395,-1.965e-05,0.00256106,-0.11388658,2.06123094,-16.78843227,2203.55954651
396,1.019e-05,0.00012129,-0.04205916,1.12802307,-11.43202746,2195.46815857
397,2.74e-06,0.00060615,-0.05387942,1.32760232,-13.96778461,2201.63029365
398,3.1e-06,0.00079479,-0.06651463,1.53760589,-13.98486709,2196.95198019
399,2.248e-05,-0.00091882,-0.01320296,0.88428487,-12.27885483,2205.84482953
400,2.395e-05,-0.00124341,0.00252858,0.64241361,-11.64763901,2206.78713518
401,-3.111e-05,0.0033172,-0.12906007,2.14315168,-16.17186144,2183.94558472
402,-3.297e-05,0.00370621,-0.14704397,2.38817049,-16.49416191,2194.25053325
403,-2.739e-05,0.00322813,-0.1336504,2.27956661,-17.17169183,2199.3332762
404,-1.216e-05,0.00182013,-0.08727531,1.61796288,-13.22623537,2196.07950946
405,-1.623e-05,0.00222966,-0.10202848,1.8753689,-15.3996995,2194.41306576
406,-3.855e-05,0.00412627,-0.15834833,2.50447895,-16.44745118,2189.13815253
407,2.149e-05,-0.00061616,-0.02870033,1.16495573,-14.20141906,2209.11682533
408,3.032e-05,-0.0016307,0.01048358,0.54493409,-10.5257395,2202.29890526
409,-1.201e-05,0.00186419,-0.09200413,1.80209042,-15.51865496,2190.11962552
410,-8.246e-05,0.00748799,-0.24557662,3.34075978,-18.39286873,2186.71896242
411,1.919e-05,-0.00048998,-0.03122307,1.18166052,-13.95818701,2206.63373503
412,-2.078e-05,0.00242507,-0.09958272,1.64655648,-12.31606218,2189.50341481
413,1.966e-05,-0.00086139,-0.00821444,0.70814487,-10.46758732,2196.2103811
414,-4.697e-05,0.0046971,-0.1700794,2.56509784,-16.28245655,2186.91222548
415,3.89e-06,0.00069682,-0.06251704,1.48744185,-14.44350873,2201.87926364
416,2.21e-05,-0.00078829,-0.01904973,0.94325148,-11.94731965,2196.39446645
417,-3.3e-07,0.00088777,-0.06322944,1.46055131,-14.29533253,2189.46538516
418,-4.236e-05,0.00436827,-0.16384034,2.58241043,-17.57701229,2196.13719498
419,-4.652e-05,0.00448586,-0.15757615,2.32141885,-15.12393244,2187.1842302
420,-6.67e-06,0.00160859,-0.08760569,1.69188124,-13.87310971,2197.34184897
421,2.15e-05,-0.00084626,-0.01289483,0.82332935,-11.5053593,2198.70234134
422,1.414e-05,-0.00012166,-0.04071452,1.28073406,-13.8434756,2203.90151246
423,-3.15e-06,0.00140771,-0.08368324,1.65662731,-13.86409193,2194.05971825
424,-2.519e-05,0.002846,-0.11696557,2.02982953,-16.33867149,2199.09096362
425,-3.7e-07,0.00087763,-0.06266581,1.4311591,-13.62648601,2186.96471688
426,-6.624e-05,0.00633122,-0.22169828,3.28817349,-20.49398965,2197.32497501
427,-6.82e-06,0.00148456,-0.08292228,1.71566542,-15.54663073,2203.84846096
428,8.11e-06,0.00027861,-0.04773057,1.27177738,-13.35050055,2203.13339165
429,4.39e-06,0.00028491,-0.03862785,1.05766833,-12.19810206,2198.30221161
430,-2.028e-05,0.00259797,-0.11288294,1.94542463,-14.11963921,2190.51251999
431,-1.626e-05,0.00249452,-0.1211787,2.31865962,-19.07204178,2207.96741773
432,1.273e-05,-0.00016929,-0.03098614,0.98096006,-11.37916951,2193.462793
433,-2.433e-05,0.00279139,-0.11459402,1.95828366,-14.85711139,2179.72396698
434,2.819e-05,-0.00120639,-0.01310929,1.04314847,-13.93026123,2210.89110619
435,-1.843e-05,0.00234759,-0.10157267,1.7649005,-13.97592085,2194.9510317
436,1.555e-05,-0.00022609,-0.03514689,1.10123556,-11.81169697,2199.25734413
437,-9.25e-06,0.0013916,-0.06673495,1.22431502,-10.52906853,2186.87022169
438,-2.13e-06,0.00119745,-0.07978802,1.77996216,-16.11394219,2203.92274899
439,2.069e-05,-0.00066666,-0.02606199,1.16704832,-14.68984756,2211.53801152
440,1.129e-05,-0.00010651,-0.0299051,0.89000377,-9.98959723,2188.51126445
441,2.698e-05,-0.00126538,-0.00437721,0.81453137,-11.93558252,2191.15123239
442,2.836e-05,-0.00106418,-0.01993398,1.09149432,-13.0911057,2205.39500845
443,-4.821e-05,0.00483883,-0.17629343,2.69227318,-17.7791732,2193.84857851
444,-4.49e-06,0.00128703,-0.07531466,1.54151464,-13.60215143,2199.68784339
445,1.658e-05,-0.00061794,-0.01544849,0.82179824,-11.4278304,2199.47505987
446,-6.11e-06,0.00151617,-0.08766925,1.83714611,-16.09426386,2202.37836076
447,2e-08,0.00091985,-0.06430373,1.41218044,-13.46351196,2198.58445949
448,1.094e-05,-5.509e-05,-0.0345704,1.07726642,-12.70164953,2199.00948504
449,-2.833e-05,0.00299781,-0.11488191,1.84610397,-13.3972477,2174.32000675
450,-2.053e-05,0.00290599,-0.13576422,2.53824483,-19.93404178,2207.22671283
451,5.83e-06,0.0004573,-0.0544914,1.43150893,-15.25494117,2208.77123705
452,6.424e-05,-0.00437336,0.0871692,-0.29282874,-7.69605158,2210.68949661
453,4.55e-06,0.00032,-0.04086349,1.08379664,-12.01042939,2193.77549157
454,-2.347e-05,0.00299218,-0.12986032,2.24888608,-16.14647562,2191.63041101
455,5.73e-06,0.00055503,-0.05905397,1.45818738,-14.47628551,2200.22359634
456,4.311e-05,-0.00260521,0.03529505,0.32727138,-10.3385854,2202.72071498
457,8.85e-06,0.00026832,-0.04994803,1.37285457,-14.35270125,2191.88202797
458,-3.588e-05,0.0039891,-0.1584425,2.60059675,-18.05065478,2197.22574626
459,1.174e-05,-2.377e-05,-0.04002118,1.21991902,-13.65331278,2204.96632503
460,-1.675e-05,0.00233242,-0.10467202,1.81952601,-13.76467151,2194.10151405
461,-2.988e-05,0.00320052,-0.12586464,2.10859839,-16.15169553,2194.18671429
462,3.319e-05,-0.00163477,0.00122902,0.81191986,-11.9944442,2202.96194395
463,-4.125e-05,0.00419776,-0.1553923,2.41634679,-16.62047567,2195.00015379
464,1.279e-05,-0.00019238,-0.03067622,1.01006848,-11.94641641,2194.20177269
465,2.637e-05,-0.00141855,0.00550451,0.66883808,-11.89896811,2197.47476163
466,-3.203e-05,0.00364397,-0.14622822,2.38783495,-16.43722618,2194.47583669
467,7.7e-07,0.0008555,-0.06491521,1.50198943,-14.57977111,2203.60661778
468,4.923e-05,-0.003134,0.05175406,0.1008002,-8.8496269,2209.03308841
469,2.074e-05,-0.00086296,-0.01186997,0.83847186,-11.92976151,2199.41208085
470,-6.196e-05,0.00593513,-0.20877002,3.13191797,-20.06190876,2196.73144609
471,1.877e-05,-0.00042753,-0.03256206,1.16444138,-13.40334377,2204.31933841
472,-1.14e-06,0.0010558,-0.06921892,1.47376521,-13.51514036,2194.34826223
473,-4.314e-05,0.0042994,-0.15499043,2.34561937,-15.54039477,2175.37625585
474,-5.454e-05,0.00536869,-0.1875003,2.65213629,-15.22375949,2183.33382735
475,-5.341e-05,0.0052058,-0.18223987,2.64851081,-16.64801281,2189.43869246
476,-3.856e-05,0.00394377,-0.14418332,2.15431033,-13.94926142,2188.91676025
477,-1.07e-06,0.00094359,-0.06431002,1.44057492,-14.00739649,2198.94292934
478,-3.071e-05,0.0035876,-0.14930221,2.57820145,-18.89401302,2200.30207607
479,9e-07,0.00098156,-0.07231612,1.63799972,-15.57330858,2206.40817893
480,1.606e-05,-0.0005419,-0.01949451,0.90718655,-12.22936469,2201.5265666
481,-3.28e-06,0.00114945,-0.07178484,1.57270035,-14.63200745,2188.23774222
482,-2.33e-05,0.00292923,-0.12828805,2.29897618,-17.74343475,2201.50974684
483,2.89e-06,0.00072859,-0.06135531,1.43845962,-14.03442978,2201.24348742
484,-3.274e-05,0.00348458,-0.1349055,2.19482808,-16.11459384,2200.56409004
485,-1.672e-05,0.0021194,-0.09484112,1.77352947,-15.55004365,2201.8293107
486,-3.416e-05,0.00376514,-0.14672585,2.32609351,-15.35722411,2186.82594166
487,-2.647e-05,0.00310727,-0.12662365,2.09287413,-15.27856363,2192.94562079
488,3.28e-05,-0.00197452,0.02286872,0.41391945,-10.51314271,2205.97320806
489,4.12e-06,0.00064896,-0.05990892,1.43303867,-13.58323093,2183.05726089
490,-1.17e-06,0.00125726,-0.08345897,1.77450554,-15.12703562,2199.65955194
491,7e-07,0.00094402,-0.06880725,1.54288593,-14.55752705,2202.14704069
492,-1.287e-05,0.00193543,-0.09404586,1.78802368,-14.98367155,2202.70266691
493,3.33e-06,0.00059556,-0.0540178,1.30649827,-13.30876695,2195.45950476
494,5.375e-05,-0.00334505,0.05048509,0.25972269,-10.27537494,2204.8738801
495,3.341e-05,-0.0016617,0.00191861,0.82557488,-13.04883409,2209.38770986
496,-1.26e-06,0.00095115,-0.06415201,1.44279626,-14.40746037,2200.71411175
497,-3.561e-05,0.00365779,-0.13763504,2.19373452,-15.42633573,2177.72191624
498,-1.113e-05,0.00208826,-0.10704647,2.04531735,-16.33595891,2198.64296706
499,-3.609e-05,0.00370609,-0.13855149,2.18314876,-15.56742967,2192.11509986
500,-1.934e-05,0.00254472,-0.1109729,1.89277086,-13.87889055,2191.86037555
501,6.35e-06,0.00031624,-0.04806371,1.35247403,-15.19160531,2207.92946989
502,-2.03e-05,0.00261922,-0.11439994,1.986769,-14.6444646,2190.77786735
503,-2.174e-05,0.0026909,-0.11651256,2.06564154,-16.34329461,2201.19141167
504,-2.045e-05,0.00253317,-0.10878397,1.90174294,-15.13197205,2195.46982078
505,-1.835e-05,0.00242225,-0.11055065,2.07064534,-16.86906374,2186.05960053
506,-4.088e-05,0.00437439,-0.16976703,2.75941227,-19.03316531,2200.32455934
507,1.7e-05,-0.0004884,-0.02539621,1.03122241,-12.81379194,2206.03890583
508,1.511e-05,-1.744e-05,-0.04698026,1.32702228,-13.24932192,2199.92518806
509,-1.896e-05,0.00228878,-0.09997697,1.84694702,-15.98146682,2201.2084841
510,-3.856e-05,0.0039698,-0.14890538,2.34768525,-16.11075098,2193.23421928
511,-1.687e-05,0.00247815,-0.11554796,2.10958811,-16.71621521,2199.87257026
512,9.18e-06,0.00016848,-0.04382183,1.22299232,-13.39063784,2198.87645448
513,-1.175e-05,0.00183091,-0.09047005,1.76152599,-14.9420917,2182.48794999
514,-4.725e-05,0.00479285,-0.17871931,2.83155913,-19.33763399,2198.90012107
515,1.037e-05,0.00024389,-0.05252043,1.44023753,-15.1460082,2207.69521462
516,-6.82e-06,0.00136206,-0.07291004,1.43057797,-12.52891534,2196.37051981
517,2.437e-05,-0.00110668,-0.00600582,0.77973982,-11.91046383,2202.82332197
518,-2.807e-05,0.00349259,-0.14539027,2.40045732,-16.25024006,2189.82214741
519,1.108e-05,0.00010623,-0.04522352,1.29367627,-14.21795369,2206.7295039
520,4.136e-05,-0.00258784,0.03945442,0.1853265,-8.88601324,2200.64807063
521,-1.74e-05,0.00234316,-0.10625475,1.95243667,-15.7644824,2184.37540683
522,-3.137e-05,0.0035675,-0.1446472,2.41448412,-17.13724778,2195.23003734
523,2.038e-05,-0.00073133,-0.0205467,1.01631778,-12.96640539,2204.16595616
524,4.52e-06,0.00064214,-0.05958744,1.3937586,-13.20271781,2198.80770351
525,1.547e-05,-0.00036538,-0.02845358,1.06907533,-13.17782375,2202.24750706
526,1.892e-05,-0.00049865,-0.03174981,1.23616607,-14.23644402,2204.43945134
527,4.288e-05,-0.00252914,0.03072401,0.42413105,-11.10650317,2210.04066703
528,5.4e-06,0.00036263,-0.0454264,1.16829145,-12.41254046,2194.15661606
529,-1.12e-06,0.00088744,-0.06210845,1.45302164,-14.47380052,2189.45952305
530,-4.496e-05,0.00445656,-0.16141797,2.46781119,-16.54902246,2194.2975956
531,-4.89e-06,0.0014049,-0.08014133,1.59360705,-13.67686996,2195.27825593
532,1.8e-06,0.00093691,-0.06887314,1.45984164,-12.58176107,2196.141648
533,-1.342e-05,0.00188426,-0.08708908,1.59941502,-13.4853069,2191.50785905
534,-5.911e-05,0.00559141,-0.19257395,2.79281143,-17.18539013,2188.64300311
535,-3.14e-06,0.00125949,-0.07948189,1.73591153,-16.30083844,2207.46062491
536,1.845e-05,-0.00064452,-0.01860445,0.91240901,-12.40109031,2204.72178974
537,1.29e-05,-0.00017926,-0.03407543,1.14909473,-13.12826825,2188.67855732
538,-3.701e-05,0.00404743,-0.15789572,2.54457437,-17.40456159,2194.97351525
539,1.21e-06,0.00088783,-0.06754985,1.55104962,-14.84998827,2203.02563585
540,1.987e-05,-0.00076614,-0.01422415,0.78576937,-10.15658097,2200.28079405
541,2.519e-05,-0.00145606,0.01259824,0.44652613,-9.87838087,2203.74949427
542,-3.011e-05,0.00331018,-0.12486404,1.82319329,-10.58842636,2172.92217107
543,-2.217e-05,0.00267985,-0.11187511,1.87912758,-14.18510335,2193.54278086
544,6.26e-06,0.00036265,-0.04663596,1.15489167,-11.62301843,2189.86702397
545,-3.579e-05,0.00372581,-0.1409254,2.24124191,-15.56628693,2177.95557556
546,2.689e-05,-0.00084226,-0.03114488,1.33369726,-15.08969409,2208.35644622
547,-3.641e-05,0.00383488,-0.14555315,2.29370694,-15.7843693,2191.52435329
548,1.123e-05,9.031e-05,-0.04558893,1.29272887,-13.48558616,2205.32782937
549,3.68e-06,0.00055595,-0.05323162,1.32340746,-13.71490103,2198.72430111
550,3.37e-06,0.00073823,-0.065262,1.58879752,-15.50441129,2206.18098755
551,-2.103e-05,0.00265197,-0.11672692,2.12276327,-17.52919368,2207.44156495
552,3.97e-06,0.00046589,-0.04656068,1.11855785,-11.48202475,2191.98270196
553,-1.826e-05,0.00227239,-0.09821056,1.72632946,-13.41593225,2179.90005809
554,-1.172e-05,0.00213636,-0.10521091,1.8687969,-13.30592714,2188.99278265
555,-1.822e-05,0.00240216,-0.10988435,2.04298546,-16.84248116,2204.29871598
556,2.05e-06,0.00083998,-0.06673118,1.51427836,-13.8948786,2202.8764906
557,-1.361e-05,0.002,-0.09589939,1.82223862,-15.31301063,2196.90900976
558,-4.483e-05,0.00470615,-0.17903528,2.85952471,-19.33351238,2198.57673639
559,-1.058e-05,0.00193365,-0.0997268,1.94717893,-16.45905594,2201.67489008
560,5.112e-05,-0.00311823,0.04497474,0.2987993,-10.93706823,2206.78066751
561,-1.095e-05,0.00166401,-0.08170643,1.58528107,-13.75145595,2184.91089783
562,-3.093e-05,0.00366739,-0.15298612,2.61970643,-18.86286816,2200.51354969
563,-2.29e-06,0.0011183,-0.07263149,1.60689955,-15.33670489,2203.34434188
564,5.28e-06,0.00062096,-0.05973336,1.37883998,-12.52145883,2192.97634273
565,-1.223e-05,0.00185301,-0.091146,1.79627929,-15.98146251,2200.04190464
566,-2.93e-06,0.00125251,-0.07965752,1.73060739,-15.51833449,2202.3074506
567,-2.11e-05,0.00265185,-0.11667723,2.11694097,-17.33099785,2205.51173394
568,3.667e-05,-0.00199426,0.01575401,0.55728819,-10.95826268,2201.75513095
569,-3.68e-06,0.00101079,-0.06269078,1.40392592,-13.70333419,2188.14438526
570,-1.726e-05,0.00256538,-0.12146296,2.24836621,-17.4063805,2200.85839747
571,-6.23e-06,0.00159365,-0.09127221,1.88577244,-16.59878558,2204.41330064
572,1.193e-05,8.414e-05,-0.04675033,1.32352222,-13.66071953,2204.22192524
573,3.002e-05,-0.001508,0.00199174,0.77315942,-12.74703254,2209.60446799
574,-2.835e-05,0.00337722,-0.14083691,2.39569855,-17.10305074,2193.39941678
575,3.1e-06,0.00079058,-0.06554111,1.51333028,-14.53515984,2203.37398852
576,6.38e-06,0.00045599,-0.05107442,1.21453212,-11.89357054,2189.984075
577,-2.971e-05,0.003145,-0.12033838,1.93083212,-13.90703807,2175.90652566
578,-4.25e-05,0.0043993,-0.16627575,2.6613404,-18.55535992,2200.60043916
579,-1.997e-05,0.00264135,-0.11794234,2.13244655,-17.16296961,2205.27734356
580,1e-05,4.016e-05,-0.03772018,1.07872306,-11.54103321,2200.35173989
581,3.33e-06,0.00047949,-0.0464243,1.14017799,-11.91728192,2193.13912789
582,-4.6e-07,0.00104508,-0.07332483,1.64555976,-15.07907153,2200.08774759
583,-5.25e-06,0.00142204,-0.08300692,1.73444045,-15.64530739,2201.11896618
584,1.73e-06,0.00062927,-0.05222294,1.25395062,-13.16260694,2199.88765567
585,2.898e-05,-0.00141785,-0.00053382,0.78124247,-11.93437814,2191.7040218
586,-9.97e-06,0.00210933,-0.11162822,2.15362927,-16.89532908,2198.75414656
587,-2.539e-05,0.00295697,-0.12396328,2.17922276,-17.27968202,2203.86775591
588,1.237e-05,-0.00015075,-0.0316245,0.98314072,-10.92896439,2197.82629384
589,-1.618e-05,0.00216365,-0.0970296,1.73813681,-13.93601532,2189.11959855
590,3.558e-05,-0.00195144,0.01445054,0.60855171,-11.24667033,2206.14485511
591,2.951e-05,-0.00134117,-0.00728162,0.92754151,-13.28783019,2206.984409
592,2.129e-05,-0.00085884,-0.01233206,0.80933526,-11.40032513,2198.44585587
593,-2.17e-06,0.00107147,-0.06885546,1.48938283,-13.411134,2180.65304785
594,4.45e-06,0.00071981,-0.06702571,1.61699038,-15.23787278,2204.51276389
595,-5.2e-07,0.00110471,-0.07594202,1.67092003,-15.31688199,2199.31318679
596,3.02e-06,0.00076795,-0.06314997,1.42936726,-13.21441343,2198.98360527
597,-1.34e-06,0.0009957,-0.06594214,1.44060978,-13.61037129,2193.96520456
598,1.095e-05,6.21e-05,-0.04454217,1.33343296,-14.44820568,2206.99164462
599,-1.024e-05,0.00172965,-0.08916871,1.80484905,-16.64125715,2209.56485777
600,-2.52e-06,0.00093913,-0.05831253,1.22182847,-11.50187428,2188.74677535
601,-3.44e-05,0.00349764,-0.12875877,1.97372012,-13.25116931,2172.41274946
602,-2.829e-05,0.00333185,-0.1372897,2.29651418,-16.30655203,2196.92974065
603,-2.641e-05,0.00300427,-0.12224732,2.06495104,-15.73103274,2198.10719573
604,-1.53e-06,0.00098733,-0.06407536,1.34740546,-12.11284674,2196.03032424
605,1.166e-05,-0.00010835,-0.03447591,1.12684462,-13.42430974,2205.42593794
606,-5.955e-05,0.00545335,-0.18082667,2.47754449,-14.00277664,2177.45444626
607,3.21e-06,0.00078441,-0.06673233,1.58066911,-15.38619565,2205.24122907
608,1.979e-05,-0.00091328,-0.00765142,0.79073391,-12.50322277,2206.49993674
609,-1.678e-05,0.00225123,-0.1028145,1.91012204,-15.57903279,2181.89406009
610,-1.97e-06,0.00128729,-0.08376248,1.79024084,-15.4601997,2198.44915276
611,-1.878e-05,0.0024645,-0.10882952,1.9299638,-15.32411353,2197.23469822
612,6.264e-05,-0.00460166,0.10552978,-0.6705439,-5.34573213,2210.08501078
613,7.56e-06,9.293e-05,-0.03399776,0.99254785,-11.72938795,2197.86165835
614,-3.072e-05,0.00343221,-0.13858038,2.3418289,-17.11013282,2196.23114813
615,-1.026e-05,0.00163696,-0.08329985,1.66370164,-15.05216915,2204.36003245
616,-9.2e-06,0.00157306,-0.08031229,1.57743205,-14.21994963,2197.15680597
617,-2.756e-05,0.00313128,-0.12663434,2.1293875,-15.69585963,2180.74159034
618,-6.494e-05,0.00612726,-0.20785785,2.9029413,-16.55649355,2185.32137051
619,-8e-07,0.00115754,-0.07627212,1.5964272,-13.87433837,2195.62743908
620,4.77e-06,0.00066117,-0.0592941,1.31021872,-11.45269265,2190.43283913
621,2.937e-05,-0.0013052,-0.00649669,0.84759443,-12.05075232,2198.61014079
622,-5.039e-05,0.00510301,-0.19060362,3.03381291,-20.43315816,2199.56926615
623,-5.11e-06,0.0015071,-0.08849054,1.82971041,-16.03913945,2203.13863999
624,1.038e-05,-7.56e-06,-0.03627695,1.10146492,-12.82533263,2202.79551782
625,9.78e-06,0.0002279,-0.04917232,1.33458418,-13.52788225,2184.92143029
626,-5.947e-05,0.00577703,-0.20365156,3.01489766,-18.94551513,2195.98279219
627,-1.985e-05,0.00259507,-0.11579753,2.11361457,-17.44084754,2206.58966268
628,1.364e-05,-5.123e-05,-0.04279084,1.2757922,-13.54531079,2204.30749568
629,-1.464e-05,0.00194479,-0.08791513,1.597846,-13.31310724,2189.15874754
630,-3.484e-05,0.00373375,-0.14284766,2.24334312,-14.84335844,2185.61927319
631,-8.2e-07,0.0010635,-0.07087638,1.51139334,-13.64413781,2197.19658754
632,2.971e-05,-0.00144733,0.00227903,0.64717594,-10.57581628,2198.15286735
633,-6.5e-06,0.0014551,-0.08260421,1.73654426,-15.55749815,2188.0109122
634,2.217e-05,-0.0005892,-0.03526025,1.36529026,-15.43298286,2209.15514339
635,-1.235e-05,0.00197996,-0.09794891,1.88471604,-16.00324603,2202.16590208
636,-2.763e-05,0.00313107,-0.12555889,2.05459651,-14.78016735,2195.23189789
637,-1.441e-05,0.00198907,-0.09315494,1.76543575,-15.14266411,2197.90828689
638,-3.415e-05,0.00357715,-0.13267,1.96916252,-12.04121133,2179.31839899
639,-9.39e-06,0.00187829,-0.09854642,1.9200068,-16.18026192,2201.20071579
640,4.9e-06,0.00050501,-0.05187378,1.24584979,-12.31746367,2189.68886419
641,-9.71e-06,0.00173154,-0.08698567,1.63007725,-12.93793322,2174.33209291
642,-6.249e-05,0.0059628,-0.20737371,3.01772883,-18.07276858,2187.2614541
643,2.346e-05,-0.00078099,-0.02583275,1.18424209,-14.48408929,2206.87310316
644,-1.633e-05,0.00229983,-0.10416149,1.82026233,-13.68455335,2193.33598641
645,2.34e-06,0.00080039,-0.06461317,1.51309134,-14.71546208,2196.52493153
646,-7.326e-05,0.00661691,-0.21734367,2.97811909,-16.66704615,2182.03583425
647,1.983e-05,-0.00055446,-0.02875014,1.13540764,-13.57150338,2205.69499778
648,4.327e-05,-0.00259242,0.03402398,0.34610246,-10.35029909,2203.69509715
649,1.68e-06,0.00066201,-0.05195723,1.17698407,-11.22637431,2180.04981773
650,-4.479e-05,0.00473266,-0.18123023,2.92347237,-20.24263958,2203.29148919
651,-6.4e-06,0.00152129,-0.08377115,1.67206755,-14.70147901,2200.41828682
652,-5.71e-06,0.00144466,-0.08099301,1.59465072,-13.27969182,2196.76046973
653,2.747e-05,-0.00123259,-0.00759137,0.88082862,-12.69006068,2201.9607154
654,-3.379e-05,0.00385835,-0.15434126,2.50943784,-16.87218144,2189.86005945
655,2.74e-06,0.00077208,-0.06516467,1.54798973,-15.11498482,2204.73146425
656,4.5e-05,-0.00294116,0.05166628,0.01438757,-8.12892505,2199.48199707
657,1.665e-05,-0.0005093,-0.02275198,0.9809204,-12.34977572,2188.40412279
658,2.45e-06,0.0010824,-0.08461432,1.93155013,-17.1419457,2205.45482577
659,2.454e-05,-0.00084911,-0.02289429,1.10447042,-13.63527097,2204.306972
660,2.492e-05,-0.0009968,-0.01467301,0.92840387,-12.02937161,2204.62270561
661,3.094e-05,-0.00157752,0.00380928,0.73406426,-11.90503812,2199.93657864
662,-5.177e-05,0.00502911,-0.1785792,2.6720755,-16.96081612,2189.55580678
663,4.522e-05,-0.0027563,0.03823947,0.32687359,-10.68141513,2210.03919471
664,3.049e-05,-0.00170472,0.01241175,0.57388248,-11.3516978,2205.57185853
665,-2.469e-05,0.00298408,-0.12632703,2.19888601,-16.44223909,2182.40999438
666,-1.199e-05,0.00220712,-0.11436562,2.22730135,-17.77988143,2202.96920614
667,-4.01e-05,0.0041815,-0.15990614,2.58627018,-18.30014707,2199.6470591
668,-2.74e-05,0.00303615,-0.12367369,2.10481328,-15.74898534,2198.69164634
669,1.88e-06,0.00061962,-0.05325129,1.30656689,-13.50441031,2198.76261032
670,8.87e-06,0.00023012,-0.05014527,1.41815978,-14.72040034,2205.01430858
671,1.726e-05,-0.00039656,-0.03033139,1.07878722,-12.48961607,2201.71329855
672,4.672e-05,-0.00278498,0.03866583,0.26568061,-9.51517536,2199.81231953
673,1.264e-05,-0.00021299,-0.03062102,1.06209288,-12.46851217,2187.76867163
674,-3.929e-05,0.00428856,-0.16712624,2.68183478,-17.90354892,2193.60611208
675,-3.216e-05,0.00349968,-0.13869759,2.31651009,-17.22917145,2198.01924054
676,6.84e-06,0.00043113,-0.0542805,1.37281299,-13.59649868,2203.59433269
677,4.239e-05,-0.0025875,0.03559318,0.33964283,-10.78430932,2206.25671178
678,-2.011e-05,0.00271581,-0.12291367,2.22645103,-16.93632167,2196.41041008
679,-1.846e-05,0.00248632,-0.1131831,2.07561394,-16.8329333,2202.4992865
680,1.316e-05,-0.00015932,-0.03442779,1.10608939,-12.75140229,2198.71128445
681,1.097e-05,-0.0001074,-0.03282326,1.09167439,-12.88696064,2192.52703631
682,-4.154e-05,0.00453186,-0.1730214,2.67865941,-17.03265775,2187.80535509
683,2.274e-05,-0.00075562,-0.02239576,1.02712211,-12.80686652,2202.90431248
684,2.463e-05,-0.00093016,-0.01631812,0.89420551,-10.95694692,2197.28318754
685,1.648e-05,-0.00035648,-0.03045253,1.06938359,-12.36256951,2195.90796181
686,-1.05e-05,0.00200107,-0.10204436,1.91156304,-14.72451965,2192.59938253
687,-5.72e-05,0.00526406,-0.17591737,2.45525454,-15.01668035,2182.91018425
